﻿<?xml version="1.0" encoding="utf-8"?>
<!--Created:cb85b80c-f585-40ff-8bfc-12ff4d0e34a9-->
<App xmlns="http://schemas.microsoft.com/sharepoint/2012/app/manifest" Name="DefaultValues" ProductID="{755462cb-b18e-4ee2-b59f-7d554b85e485}" Version="1.0.0.0" SharePointMinVersion="16.0.0.0">
  <Properties>
    <Title>DefaultValues</Title>
    <StartPage>https://localhost:44300/?{StandardTokens}</StartPage>
    <InstalledEventEndpoint>https://instantintranetprojects.servicebus.windows.net/2292454324/612819704/obj/e166feef-66d7-406d-9970-d699cc7146c6/Services/AppEventReceiver.svc</InstalledEventEndpoint>
    <UninstallingEventEndpoint>https://instantintranetprojects.servicebus.windows.net/2292454324/612819704/obj/e166feef-66d7-406d-9970-d699cc7146c6/Services/AppEventReceiver.svc</UninstallingEventEndpoint>
  </Properties>
  <AppPrincipal>
    <AutoDeployedWebApplication>
      <DebugInfo ClientSecret="RdDuFXH2uMVfma5TgMWNFZfYH+saf70p/IUIaytTGuI=" AppUrl="https://localhost:44300/;https://instantintranetprojects.servicebus.windows.net/2292454324/612819704/obj/e166feef-66d7-406d-9970-d699cc7146c6/" />
    </AutoDeployedWebApplication>
  </AppPrincipal>
  <AppPermissionRequests>
    <AppPermissionRequest Scope="http://sharepoint/content/sitecollection" Right="FullControl" />
  </AppPermissionRequests>
</App>